Miirabhai, F
Jehona, F
Auraliiv, F
Abdisamad, M
Janjan, M
Claudy, M
Santher, M
Sanella, F
Helvig, F
Blake, M
Hansmorten, M
Djinna, F
Betsey, F
Jutha, F
Srinesh, M
Coriina, F
Maneet, M
Spencer, M
Francoise, F
Emiley, F
Shaheen, M
Yaqoob, M
Aybyuke, F
Neema, F
Ail, M
Roney, M
Josjua, M
Sirus, M
Kristina, F
Noman, M
Ara, F
Mohd, M
Aasa, F
Ady, F
Sila, U
Menessa, F
Rakim, M
Sewarius, M
Sahanah, F
Toba, U
Fianko, M
Shakiel, M
Tehreem, F
Falisha, F
Kæthe, F
Teia, F
Samer, U
Dasin, M
Konrad, M
Berthel, M
Drevs, M
Zygmunt, M
Harmindar, M
Job, M
Rihan, U
Niela, F
Jobbe, M
Saadi, M
Òðinn, M
Rudy, M
Anue, F
Izaan, M
Sølvie, F
Ghena, F
Afi, F
Taleb, M
Aragorn, M
Mustakim, M
Biaktinhnem, F
Gofran, F
Alinea, F
Orbal, F
Taiz, M
Alem, F
Astiak, M
Kennert, M
Misja, F
Kayembe, M
Herkus, M
Arel, M
Priesha, F
Ibbe, F
Safir, U
Dàibhidh, M
Jekaterina, F
Tomek, M
Nataraj, M
Chriz, M
Bellachant, F
Huson, F
On, M
Fadima, F
Ernesto, M
Ursus, M
Torborg, F
Catia, F
Sahara, F
Husam, M
Tariku, M
Yusein, M
Marka, F
Donni, M
Sigurdt, M
Umeyr, M
Mahith, M
Parmida, F
Ingerlisci, F
Lucienna, F
Esef, M
Joffre, M
Dorethe, F
Acksel, M
Antone, M
Abdulrahind, M
Nowera, F
Nithilan, M
Orana, F
Sindet, F
Mehti, M
Vicente, M
Alberthe, F
Óskar, M
Mars, M
Silona, F
Khushbakht, F
Keshaliy, F
Subeyda, F
Heath, M
Vickie, F
Nyah, F
Annemi, F
Noleen, F
Ahmednur, M
Fionasofie, F
Hannar, F
Panda, F
Mariaava, F
Estefania, F
Nadika, F
Diren, M
Jees, M
Lanoja, F
Nivash, M
Annfrið, F
Leontijana, F
Harlem, M
Tivon, M
Elisha, M
Hamud, M
Talip, M
Zilpa, F
Bojana, F
Liraina, F
Bane, M
Neil, U
Shanjanaa, F
Bennour, M
Genowefa, F
Ingjerd, F
Catalina, F
Mery, F
Ajas, M
Zhiyue, M
Shimon, M
Diam, M
Klavess, M
Xaliya, F
Ashwaq, F
Eoon, M
Ong, M
Valentine, M
Vu, M
Jonella, F
Susanne, F
Clarisse, F
Shad, M
Poéssy, F
Heintje, M
Mithrades, M
Muhudin, M
Chukwunazaekpere, M
Arlind, M
Nyota, F
Lisenne, F
Brizette, F
Aadit, M
Herish, M
Alfarouk, M
Eski, M
Vishanth, M
Analuna, F
Jérôme, M
Ketti, F
Miida, F
Buakaw, M
Kenn, M
Rafi, M
Dahla, F
Zanette, F
Zenobta, F
Poulerik, M
Abraaz, M
Richart, M
Nishimve, F
Ilkan, M
Tanoj, M
Niovi, F
Ghufran, F
Aywin, M
Kevan, M
Hariychanan, M
Leanna, F
Anaam, F
Ilmy, F
Obehi, F
Sathurijan, M
Lassee, M
Deeksan, F
Libbe, F
Gyamfi, M
Di, M
Mowafak, M
Inèz, F
Moshumi, F
Sreten, M
Emiliea, F
Martyna, F
Phi, U
Lek, U
Abinass, M
Ridha, M
Vinzenz, M
Maj-Lis, F
Murtadha, M
Hadeer, F
Emmerence, F
Sanja, F
Revan, M
Walter, M
Nuet, M
Nolah, F
Ignacio, M
Johnny, M
Gudman, M
Ezékiel, M
Al, U
Bing, M
Lonesmila, F
Senuri, F
Sissemaj, F
Aimé, M
Siiriya, F
Toni, F
Aswikan, M
Zein, U
Anmol, U
Igde, F
Carli, F
Poulus, M
Lanjin, F
Bailasan, F
Meluca, F
Pemala, F
Garon, M
Velin, M
Marian, U
Eylem, F
Atze, M
Ethem, M
Nur-Ahmed, M
Termann, M
Cecil, M
Halldor, M
Ibrohim, M
Kefas, M
Keylala, F
Regner, M
Rine, F
Dora, F
Laoura, F
Kawar, M
Yogansh, M
Abrahamthaitak, M
Ilara, F
Cristiano, M
Idelphonse, M
Lester, M
Sicilla, F
Madriaz, M
Noohr, M
Samaran, M
Taulant, M
Eydis, F
Ellemijn, F
Helale, F
Winichaa, F
Dhruva, M
Zeynel, M
Mashakur, M
Judite, F
Madia, F
Jail, M
Stanny, M
Raffat, M
Targo, M
Jeanita, F
Bhavesh, M
Remy, M
Valmund, M
Jibriel, M
Steffani, F
Camitta, F
Yeremia, M
Mertcan, M
Asalah, F
Árnína, F
Talya, F
Bajram, M
Muhumed, M
Yankoo, M
Akvilé, F
Brianeli, M
Íris, F
Issis, F
Maleika, F
Maxence, U
Zakiya, F
Ramesis, M
Cim, M
Anthoni, M
Thorian, M
Ymi, M
Nadiya, F
Naglis, M
Love, U
Yobela, F
Eike, M
Como, M
Famya, F
Azeem, M
Åsmund, M
Pouya, M
Sultan, U
Almotawakel, M
Hea, F
Jathusza, F
Ryan, F
Esias, M
Hayattin, M
Mido, M
Mutua, M
Mariglo, F
Chintan, F
Oceania, F
Arab, M
Eleena, F
Lawan, F
Basir, M
Valgerd, F
Nede, F
Adah, F
Bille, F
Naji, U
Istvan, M
Nourdeen, M
Siinus, M
Riemarrie, F
Lutfi, U
Tuilik, M
Ramis, M
Klaus, M
Glorija, F
Havard, M
Solomia, F
Saboor, M
Kimhan, M
Emmanuelle, F
Konstantia, F
Bekim, M
Hwa, M
Arisha, F
Villads, M
Aden, M
Farus, F
Niilas, M
Suzan, F
Sayri, M
Sorana, F
Raja, U
Bee, F
Tanya, F
Be, F
Kyra, F
Hy, M
Iulius, M
Tate, M
Kaspian, M
Loma, F
Nicki, U
Laurentius, M
Jihaan, F
Sisca, F
Dilani, F
Svenja, F
Persille, F
Touleen, F
Ondieneke, F
Kadee, F
Saya, F
Mettemari, F
Umeys, F
Sabree, M
Humairah, F
Ann-Merete, F
Barlas, M
Laugrits, M
Tong, U
Najmia, F
Retaj, F
Nmi, F
Benoit, M
Tae, F
Joos, M
Jamin, M
Takki, M
Selma, F
Aimal, U
Krusemynte, F
Kacheo, M
Abisha, F
Walaa, F
Saloumeh, F
Spire, F
Rashdan, M
Amela, F
Biddy, F
Shahla, F
Otilde, F
Jaysan, M
Soffía, F
Hermilda, F
Bebe, F
Kiaamalie, F
Milija, M
Tamoor, M
Lama, F
Kezzia, F
Stellamina, F
Khodr, M
Zackariah, M
Sølver, M
Natti, M
Cane, U
Stoney, M
Meely, F
Marike, F
Aci, M
Zohra, F
Nestor, M
Jael, F
Alandra, F
Manesa, F
Tran, U
Eriko, M
Guttorm, M
Freydis, F
Randie, F
Baani, F
Laurent, M
Ilyaan, F
Majaliwa, M
Camilie, F
Kasper, M
Nur, U
Manu, U
Hosheng, M
Atlante, F
Cornelio, M
Brinnie, F
Gray, M
Khadar, M
Ayaybir, M
Oudesho, M
Pindra, M
Tinah, F
Vidar, M
Jack, M
Cozmo, M
Gashbin, F
Nelion, M
Laurina, F
Faek, M
Izabell, F
Asti, F
Birgit, F
Clennie, F
Norah, F
Alman, M
Gandalf, M
Catalea, F
Muringi, F
Petricia, F
Ragnleik, M
Alayah, F
Tony, U
Lynn, F
Sunny, M
Maui, U
Lakshan, M
Katherinesara, F
Ahrn, M
Æsa, F
Abdulfatah, M
Hajin, U
Mathurada, F
Junaina, F
Vanora, F
Salomo, M
Aykan, M
Benedicté, F
Arturo, M
Hinrich, M
Eigill, M
Zafrullah, F
Ayyûb, M
Simohamed, M
Samyran, M
Figne, F
Matej, M
Aye, M
Nete, F
Azul, M
Sellma, F
Om, M
Afina, F
Duzette, F
Raoul, M
Zulu, M
Betty, F
Jørre, M
Alfuseni, M
Joseline, F
Corneliius, M
Berit, F
Tilse, F
Ezekiel, M
Felecia, F
Ziagul, F
Marchel, M
Reid, M
Theophilus, M
Mojtaba, M
Ulfa, F
Amaliee, F
Nei, F
Svenaage, M
Aie, F
Berenike, F
Banni, F
Afeen, M
Altmar, M
Mihnea, M
Niel, U
Erika, F
Emeline, F
Karuna, F
Abdulsattar, M
Cali, F
Nastasia, F
Hildegun, F
Aaista, F
Avneet, U
Chand, M
Kotaro, M
Diine, F
Ruman, F
Jonatthan, M
Ra, M
Rüya, F
Ernêrak, M
Larzetty, F
Yule, M
Kiran, U
Delvin, F
Linh, F
Hrafn, M
Sanaya, F
Neqeren, M
Salma, F
Sammad, M
Swapnil, M
Surya, M
Jisele, F
Moe, U
Timas, M
Uresa, F
Clarice, F
Lie, U
Kamini, F
Andrass, M
Meshack, M
Kaoru, M
Feri, F
Güzel, F
Frederico, M
Othilde, F
Syrine, F
Viviane, F
Kasina, F
Sjurur, M
Jiarui, M
Alvar, M
Bukhari, M
Lari, M
Odbjørn, M
Makayla, F
Juljana, F
Aashna, F
Najannguaq, F
Memnune, F
Maidah, F
Ximan, F
Hajera, F
Sun, M
Cabrina, F
Yoginia, F
Lezanne, F
Waley, M
Nathanali, M
Margus, M
Iranwoluwa, M
Necole, F
Anjay, M
Albertha, F
Ashvika, F
Bin, F
Gilli, F
Bentebet, F
Eza, F
Lynnie, F
Randy, U
Sinamarie, F
Tasniim, F
Aksel, M
Mohib, M
Tomoki, M
Rashida, F
Aunes, F
Janani, F
Walleena, M
Athel, F
Hermandine, F
Jorn, M
Ingibjørg, F
Annica, F
Trice, F
Nicklais, M
Lysandra, F
Maybrit, F
Norberto, M
Husein, M
Tivi, F
Cedeiro, M
Enoh, M
Antonius, M
Erlind, M
Arbër, M
Nali, M
Mehrnoosh, F
Muneeba, F
Kazuo, M
Aune, F
Rupen, M
Tejt, M
Trias, M
Xiaoye, M
Bau, M
Tade, M
Cylver, M
Haoze, M
October, F
Sorush, M
Ragnfrid, F
Orbit, M
Haim, M
Ellamaia, F
Ytta, F
Anis, M
Melchizedek, M
Ibragim, M
Borghild, F
Florence, F
Albrekt, M
Sysset, F
Marion, M
Andris, M
Mattie, F
Avake, M
Zana, F
Celiane, F
Elsemarie, F
Medeina, F
Sanosh, M
Zhina, F
Labika, F
Nalukui, F
Nicklavs, M
Alvá, F
Fro, F
Mari, F
Ralia, F
Ann-Kristine, F
Qin, M
Sysser, F
Koppány, M
Hamdi, U
Mettemaria, F
Frencia, F
Zohal, F
Jesmicas, M
Cabdirahman, M
Shafana, F
Selatin, M
Gitteelina, F
Delojan, M
Bjirk, M
Ellenor, F
Kimmy, F
Venelite, F
Luie, M
Nedziba, F
Yijun, M
Jeanette, F
Nano, F
Finnian, M
Erena, F
Bono, M
Sonni, M
Hanskristian, M
Ivon, M
Remas, F
Joey, U
Nusaiba, F
Reduan, M
Ayo, F
Anthea, F
Sigmundur, M
Yong, U
Ann-Louise, F
Adobea, F
Tullio, M
Bellanova, F
Saman, U
Ras, M
Sumayâh, F
Necati, M
Renee, U
Cici, F
Aisvina, F
Hans-Jürgen, M
Ermuunbileg, M
Grianggrai, M
Mamadou, M
Suhas, M
Apenayaa, F
Naoto, M
Juliemaja, F
Anastassia, F
Natsu, F
Arshida, F
Shaine, M
Seyit, M
Pradana, M
Collin, M
Ceyda, F
Shawnem, F
Tiana, F
Rojhat, M
Chanie, F
Isariya, F
Mayson, M
Wahhab, M
Nelli, F
Shama, F
Elamariie, F
Nitara, F
Koumba, F
Vivienne, F
Jeshaanaa, F
Lenius, M
Olava, F
Sondre, M
Orfeo, M
Lya, F
Intissar, F
Arminas, M
Garthie, M
Ngun, U
Majamaluca, F
Huyar, M
Servan, F
Caramon, M
Navá, F
Abedin, M
Janci, M
Ion, M
Enjeh, F
Geanina, F
Periklis, M
Elias, U
Israa, F
Baraa, U
Avzem, F
Amel, M
Róbert, M
Havan, M
Thachinsung, F
Victory, M
Bailor, M
Siegmund, M
Laura, F
Hawre, M
Logi, M
Gul, U
Asmahan, F
Prabhsimran, F
Aaninnguaq, F
Jiaqi, F
Marcelda, F
Rûbar, M
Shwan, M
Anum, F
Jehon, M
Roshan, M
Ksavery, M
Solmoi, F
Jordi, M
Kizzie, F
Darina, F
Leeloo, F
Nienna, F
Yuqi, M
Gary, M
Oluwaseun, U
Osvald, M
Raden, M
Ayza, F
Haissam, M
Iliyan, M
Taj, U
Birke, U
Stirling, M
Jephthah, M
Wai, M
Harri, M
Jenna, F
Wahaab, M
Waris, M
Tayrin, F
Julliah, F
Matiar, M
Hauke, M
Nor, U
Adrijus, M
Trineline, F
Malfrid, F
Iara, F
Safet, M
Toyodhi, F
Jova, F
Meng, F
Ousman, M
Quendresa, F
Nimah, F
Vita, F
Nazih, M
Flormiya, F
Ninavenus, F
Utuuniaq, M
Shessa, F
Chijioke, M
Hermod, M
Sharuson, M
Nathishika, F
Othelius, M
Lill, F
Maimuna, F
Beyar, M
Vidarve, M
Timinet, F
Amatey, M
Enna, F
Manon, F
Inor, M
Eliyah, U
Enesa, F
Klarra, F
Caya, F
Ilian, M
Saanjh, M
Waage, M
Azuzhina, F
Mahtab, F
Figo, M
Kennie, M
Boone, M
Indigo, U
Arsin, M
Cloann, F
Asir, M
Hassine, M
Gaghan, M
Damien, M
Parascheva, F
Juani, M
Celil, M
Vian, U
Aufa, F
Blearta, F
Nelie, F
Selia, F
Lyzet, F
Nethe, F
Qazafi, M
Luas, M
Qamille, F
Novo, M
Rosine, F
Ludvikke, F
Errol, M
Cansel, F
Yaira, F
Bernth, M
Moniika, F
Holcha, F
Tunav, M
Lenin, M
Ailo, M
Almasa, F
Nataya, F
Afzal, M
Alyaa, F
Lei, M
Chanel, F
Masieco, M
Menaal, F
Elsemaria, F
Manilla, F
